Filename,CPU Time,Normalized CPU Time,problem,technique
clang_generated_unoptimized.asm,0.2514999999999929,1.0,01,constant folding
clang_generated_O2_optimized.asm,0.2259490000000141,0.8984055666004791,01,constant folding
clang_generated_llm_optimized.asm,0.2274460000000147,0.9043578528827876,01,constant folding
clang_generated_O1_optimized.asm,0.2264789999999834,0.9005129224651681,01,constant folding
clang_generated_O3_optimized.asm,0.223669000000001,0.8893399602385975,01,constant folding
llm_generated.asm,0.002457000000021,0.0097693836978969,01,constant folding
clang_generated_unoptimized.asm,0.2508079999999992,1.0,02,constant folding
clang_generated_O2_optimized.asm,0.2244659999999996,0.8949714522662765,02,constant folding
clang_generated_llm_optimized.asm,0.2255639999999985,0.899349303052531,02,constant folding
clang_generated_O1_optimized.asm,0.2277119999999968,0.9079136231699048,02,constant folding
clang_generated_O3_optimized.asm,0.2208940000000012,0.8807294823131715,02,constant folding
llm_generated.asm,0.0026249999999947,0.0104661733277837,02,constant folding
clang_generated_unoptimized.asm,0.2518279999999997,1.0,03,constant folding
clang_generated_O2_optimized.asm,0.2195110000000006,0.87167034642693,03,constant folding
clang_generated_llm_optimized.asm,0.2195040000000006,0.8716425496767668,03,constant folding
clang_generated_O1_optimized.asm,0.2213180000000001,0.8788458789332416,03,constant folding
clang_generated_O3_optimized.asm,0.2195079999999976,0.8716584335339909,03,constant folding
llm_generated.asm,0.2231330000000007,0.8860531791540295,03,constant folding
clang_generated_unoptimized.asm,0.2523840000000028,1.0,04,constant folding
clang_generated_O2_optimized.asm,0.2256859999999996,0.8942167490807542,04,constant folding
clang_generated_llm_optimized.asm,0.2260670000000004,0.8957263534930817,04,constant folding
clang_generated_O1_optimized.asm,0.2258589999999998,0.8949022125015741,04,constant folding
clang_generated_O3_optimized.asm,0.2233330000000002,0.8848936541143564,04,constant folding
llm_generated.asm,0.0025830000000013,0.0102344047166274,04,constant folding
clang_generated_unoptimized.asm,0.626053000000006,1.0,05,constant folding
clang_generated_O2_optimized.asm,0.2220200000000005,0.3546345117745597,05,constant folding
clang_generated_llm_optimized.asm,0.5054919999999967,0.807426847247744,05,constant folding
clang_generated_O1_optimized.asm,0.2240929999999963,0.3579457330289834,05,constant folding
clang_generated_O3_optimized.asm,0.2269849999999991,0.3625651502348794,05,constant folding
llm_generated.asm,0.2884059999999948,0.4606734573590288,05,constant folding
clang_generated_unoptimized.asm,0.2776310000000137,1.0,06,constant folding
clang_generated_O2_optimized.asm,0.2247020000000077,0.809354863109655,06,constant folding
clang_generated_llm_optimized.asm,0.2244559999999751,0.8084687949111015,06,constant folding
clang_generated_O1_optimized.asm,0.2263810000000035,0.8154024586591277,06,constant folding
clang_generated_O3_optimized.asm,0.2267999999999972,0.8169116561190429,06,constant folding
llm_generated.asm,0.002332999999993,0.0084032402721343,06,constant folding
clang_generated_unoptimized.asm,0.2519339999999914,1.0,07,constant folding
clang_generated_O2_optimized.asm,0.2244320000000073,0.8908364889217609,07,constant folding
clang_generated_llm_optimized.asm,0.2217569999999966,0.8802186286884827,07,constant folding
clang_generated_O1_optimized.asm,0.2229690000000062,0.885029412465224,07,constant folding
clang_generated_O3_optimized.asm,0.2267870000000016,0.9001841752205313,07,constant folding
llm_generated.asm,7.4962950000000035,29.754995355927576,07,constant folding
clang_generated_unoptimized.asm,0.2510350000000017,1.0,08,constant folding
clang_generated_O2_optimized.asm,0.2260129999999947,0.9003246559244455,08,constant folding
clang_generated_llm_optimized.asm,0.2247500000000002,0.89529348497221,08,constant folding
clang_generated_O1_optimized.asm,0.2234309999999766,0.890039237556417,08,constant folding
clang_generated_O3_optimized.asm,0.2254520000000184,0.8980899077818508,08,constant folding
llm_generated.asm,0.2234219999999993,0.8900033859820258,08,constant folding
clang_generated_unoptimized.asm,0.3014679999999998,1.0,09,constant folding
clang_generated_O2_optimized.asm,0.2253410000000002,0.7474790027465613,09,constant folding
clang_generated_llm_optimized.asm,0.225482999999997,0.7479500311807459,09,constant folding
clang_generated_O1_optimized.asm,0.2238990000000029,0.7426957421683332,09,constant folding
clang_generated_O3_optimized.asm,0.2286670000000015,0.7585116828320141,09,constant folding
llm_generated.asm,0.0024919999999895,0.0082662173099284,09,constant folding
clang_generated_unoptimized.asm,0.26862899999999,1.0,10,constant folding
clang_generated_O2_optimized.asm,0.2251100000000008,0.8379958976879234,10,constant folding
clang_generated_llm_optimized.asm,0.2235330000000033,0.8321253475984038,10,constant folding
clang_generated_O1_optimized.asm,0.2258390000000076,0.8407096776595828,10,constant folding
clang_generated_O3_optimized.asm,0.2247599999999892,0.8366929854929942,10,constant folding
llm_generated.asm,0.2244789999999881,0.8356469331308103,10,constant folding
clang_generated_unoptimized.asm,0.3515390000000025,1.0,100,copy propagation
clang_generated_O2_optimized.asm,0.2220770000000129,0.6317279163905325,100,copy propagation
clang_generated_llm_optimized.asm,0.2256450000000143,0.6418775726164457,100,copy propagation
clang_generated_O1_optimized.asm,0.226034999999996,0.6429869801074544,100,copy propagation
clang_generated_O3_optimized.asm,0.2274979999999971,0.6471486805162314,100,copy propagation
llm_generated.asm,0.2262640000000146,0.6436384014291816,100,copy propagation
clang_generated_unoptimized.asm,0.2561560000000042,1.0,11,constant folding
clang_generated_O2_optimized.asm,0.2245970000000028,0.8767977326316739,11,constant folding
clang_generated_llm_optimized.asm,0.2254560000000083,0.8801511578881797,11,constant folding
clang_generated_O1_optimized.asm,0.2254819999999995,0.880252658536188,11,constant folding
clang_generated_O3_optimized.asm,0.2284890000000103,0.8919915988694646,11,constant folding
llm_generated.asm,0.0028149999999982,0.0109893970861435,11,constant folding
clang_generated_unoptimized.asm,0.2506860000000017,1.0,12,constant folding
clang_generated_O2_optimized.asm,0.2212869999999895,0.8827258004036446,12,constant folding
clang_generated_llm_optimized.asm,0.2248819999999796,0.8970664496620395,12,constant folding
clang_generated_O1_optimized.asm,0.2230240000000094,0.8896547872637798,12,constant folding
clang_generated_O3_optimized.asm,0.2236699999999984,0.892231716170815,12,constant folding
clang_generated_unoptimized.asm,0.3671649999999999,1.0,13,constant folding
clang_generated_O2_optimized.asm,0.2229319999999859,0.6071711628286627,13,constant folding
clang_generated_llm_optimized.asm,0.2362449999999967,0.6434300655018772,13,constant folding
clang_generated_O1_optimized.asm,0.2276279999999815,0.619961052932555,13,constant folding
clang_generated_O3_optimized.asm,0.2446950000000072,0.6664442416897233,13,constant folding
llm_generated.asm,0.0023820000000114,0.0064875464709638,13,constant folding
clang_generated_unoptimized.asm,0.2549759999999992,1.0,14,constant folding
clang_generated_O2_optimized.asm,0.226602999999983,0.8887228601906992,14,constant folding
clang_generated_llm_optimized.asm,0.2222250000000087,0.8715526167169046,14,constant folding
clang_generated_O1_optimized.asm,0.246103000000005,0.9652006463353644,14,constant folding
clang_generated_O3_optimized.asm,0.2371880000000032,0.9302365712851564,14,constant folding
clang_generated_unoptimized.asm,0.3168369999999925,1.0,15,constant folding
clang_generated_O2_optimized.asm,0.2258309999999994,0.7127671326265708,15,constant folding
clang_generated_llm_optimized.asm,0.2585880000000031,0.8161546789043239,15,constant folding
clang_generated_O1_optimized.asm,0.2266290000000026,0.7152857778605656,15,constant folding
clang_generated_O3_optimized.asm,0.2257519999999999,0.712517793060802,15,constant folding
llm_generated.asm,0.0027200000000107,0.0085848559354203,15,constant folding
clang_generated_unoptimized.asm,0.2525820000000038,1.0,16,constant folding
clang_generated_O2_optimized.asm,0.2262829999999951,0.8958793579906393,16,constant folding
clang_generated_llm_optimized.asm,0.2274570000000011,0.9005273534931137,16,constant folding
clang_generated_O1_optimized.asm,0.2270000000000038,0.8987180400820344,16,constant folding
clang_generated_O3_optimized.asm,0.2262539999999973,0.8957645437916947,16,constant folding
llm_generated.asm,0.2289440000000127,0.9064145505222432,16,constant folding
clang_generated_unoptimized.asm,0.2518740000000008,1.0,17,constant folding
clang_generated_O2_optimized.asm,0.2263429999999999,0.8986358258494296,17,constant folding
clang_generated_llm_optimized.asm,0.2214089999999942,0.8790466661902121,17,constant folding
clang_generated_O1_optimized.asm,0.2267749999999893,0.9003509691353159,17,constant folding
clang_generated_O3_optimized.asm,0.2264870000000058,0.8992075402780959,17,constant folding
llm_generated.asm,0.2252879999999919,0.894447223611771,17,constant folding
clang_generated_unoptimized.asm,0.2252000000000009,1.0,18,constant folding
clang_generated_O2_optimized.asm,0.2266200000000111,1.0063055062167414,18,constant folding
clang_generated_llm_optimized.asm,0.2285540000000026,1.0148934280639503,18,constant folding
clang_generated_O1_optimized.asm,0.226986999999994,1.007935168738868,18,constant folding
clang_generated_O3_optimized.asm,0.2272839999999973,1.0092539964475862,18,constant folding
llm_generated.asm,0.2273719999999883,1.0096447602130878,18,constant folding
clang_generated_unoptimized.asm,0.2226049999999872,1.0,19,constant folding
clang_generated_O2_optimized.asm,0.2196200000000061,0.9865905976955536,19,constant folding
clang_generated_llm_optimized.asm,0.225408999999999,1.012596302868363,19,constant folding
clang_generated_O1_optimized.asm,0.2233779999999967,1.003472518586777,19,constant folding
clang_generated_O3_optimized.asm,0.2269090000000062,1.01933469598625,19,constant folding
llm_generated.asm,0.2262750000000011,1.0164866018284138,19,constant folding
clang_generated_unoptimized.asm,0.2594059999999984,1.0,20,constant folding
clang_generated_O2_optimized.asm,0.2269229999999993,0.8747793034856582,20,constant folding
clang_generated_llm_optimized.asm,0.2294070000000019,0.8843550264835943,20,constant folding
clang_generated_O1_optimized.asm,0.227644000000005,0.8775587303300865,20,constant folding
clang_generated_O3_optimized.asm,0.2280459999999919,0.8791084246316327,20,constant folding
llm_generated.asm,0.3532160000000033,1.361633886648749,20,constant folding
clang_generated_unoptimized.asm,0.2735780000000005,1.0,21,dead code elimination
clang_generated_O2_optimized.asm,0.225875000000002,0.8256329090789523,21,dead code elimination
clang_generated_llm_optimized.asm,0.2271860000000032,0.8304249610714413,21,dead code elimination
clang_generated_O1_optimized.asm,0.2267210000000119,0.8287252629963355,21,dead code elimination
clang_generated_O3_optimized.asm,0.2209349999999972,0.807575901571021,21,dead code elimination
llm_generated.asm,0.0025990000000035,0.0095000328973951,21,dead code elimination
clang_generated_unoptimized.asm,0.2547710000000052,1.0,22,dead code elimination
clang_generated_O2_optimized.asm,0.2230519999999956,0.8754999587864829,22,dead code elimination
clang_generated_llm_optimized.asm,0.2308079999999961,0.9059429840915624,22,dead code elimination
clang_generated_O1_optimized.asm,0.2389269999999896,0.9378108183426874,22,dead code elimination
clang_generated_O3_optimized.asm,0.2268349999999941,0.8903485875550573,22,dead code elimination
clang_generated_unoptimized.asm,0.428132000000005,1.0,23,dead code elimination
clang_generated_O2_optimized.asm,0.0048480000000097,0.0113236104752965,23,dead code elimination
clang_generated_llm_optimized.asm,0.0046389999999973,0.0108354432744979,23,dead code elimination
clang_generated_O1_optimized.asm,0.0046119999999802,0.0107723786121575,23,dead code elimination
clang_generated_O3_optimized.asm,0.0046329999999841,0.0108214289050668,23,dead code elimination
llm_generated.asm,0.1528370000000052,0.3569856960003069,23,dead code elimination
clang_generated_unoptimized.asm,0.3119130000000041,1.0,24,dead code elimination
clang_generated_O2_optimized.asm,0.2412280000000066,0.7733823213524396,24,dead code elimination
clang_generated_llm_optimized.asm,0.2660559999999918,0.8529814403374927,24,dead code elimination
clang_generated_O1_optimized.asm,0.2401839999999993,0.7700352341838786,24,dead code elimination
clang_generated_O3_optimized.asm,0.2508040000000164,0.8040831898638824,24,dead code elimination
llm_generated.asm,0.1918290000000126,0.6150080310856237,24,dead code elimination
clang_generated_unoptimized.asm,0.3225480000000118,1.0,25,dead code elimination
clang_generated_O2_optimized.asm,0.2309120000000177,0.7158996490445122,25,dead code elimination
clang_generated_llm_optimized.asm,0.2440470000000232,0.7566222701737858,25,dead code elimination
clang_generated_O1_optimized.asm,0.2380430000000046,0.738007986408212,25,dead code elimination
clang_generated_O3_optimized.asm,0.2459870000000137,0.7626368788521545,25,dead code elimination
llm_generated.asm,0.235872999999998,0.7312803055668904,25,dead code elimination
clang_generated_unoptimized.asm,0.2913790000000062,1.0,26,dead code elimination
clang_generated_O2_optimized.asm,0.2227980000000116,0.7646330037511516,26,dead code elimination
clang_generated_llm_optimized.asm,0.2252679999999998,0.773109935856719,26,dead code elimination
clang_generated_O1_optimized.asm,0.2227450000000033,0.764451110066266,26,dead code elimination
clang_generated_O3_optimized.asm,0.2263329999999968,0.7767649693354426,26,dead code elimination
llm_generated.asm,0.2257630000000006,0.7748087542341615,26,dead code elimination
clang_generated_unoptimized.asm,0.2833570000000094,1.0,27,dead code elimination
clang_generated_O2_optimized.asm,0.2552359999999964,0.9007577014154864,27,dead code elimination
clang_generated_llm_optimized.asm,0.2557469999999995,0.9025610801920934,27,dead code elimination
clang_generated_O1_optimized.asm,0.252127999999999,0.8897892058427731,27,dead code elimination
clang_generated_O3_optimized.asm,0.2525849999999963,0.8914020123024591,27,dead code elimination
llm_generated.asm,0.252326999999994,0.8904915001217037,27,dead code elimination
clang_generated_unoptimized.asm,0.2709720000000004,1.0,28,dead code elimination
clang_generated_O2_optimized.asm,0.2232920000000007,0.8240408603102917,28,dead code elimination
clang_generated_llm_optimized.asm,0.2211669999999941,0.8161987216391131,28,dead code elimination
clang_generated_O1_optimized.asm,0.2230390000000142,0.8231071845061994,28,dead code elimination
clang_generated_O3_optimized.asm,0.2242729999999966,0.8276611605627011,28,dead code elimination
llm_generated.asm,0.0026250000000089,0.0096873477702824,28,dead code elimination
clang_generated_unoptimized.asm,0.2798930000000013,1.0,29,dead code elimination
clang_generated_O2_optimized.asm,0.2261220000000037,0.807887299789572,29,dead code elimination
clang_generated_llm_optimized.asm,0.2296830000000085,0.8206100188286505,29,dead code elimination
clang_generated_O1_optimized.asm,0.2279100000000085,0.8142754552632879,29,dead code elimination
clang_generated_O3_optimized.asm,0.22604299999999,0.8076050490722847,29,dead code elimination
llm_generated.asm,0.2273959999999988,0.8124390392042594,29,dead code elimination
clang_generated_unoptimized.asm,0.282098000000019,1.0,30,dead code elimination
clang_generated_O2_optimized.asm,0.2244149999999933,0.7955214145438047,30,dead code elimination
clang_generated_llm_optimized.asm,0.2214909999999861,0.7851562223056213,30,dead code elimination
clang_generated_O1_optimized.asm,0.2244670000000042,0.7957057476479416,30,dead code elimination
clang_generated_O3_optimized.asm,0.2256330000000161,0.7998390630206558,30,dead code elimination
llm_generated.asm,0.0023140000000125,0.0082028231324306,30,dead code elimination
clang_generated_unoptimized.asm,0.3473140000000114,1.0,31,dead code elimination
clang_generated_O2_optimized.asm,0.2263140000000021,0.6516120858934413,31,dead code elimination
clang_generated_llm_optimized.asm,0.2241269999999815,0.6453151902888284,31,dead code elimination
clang_generated_O1_optimized.asm,0.2231730000000027,0.642568396321471,31,dead code elimination
clang_generated_O3_optimized.asm,0.2238279999999974,0.6444542978399664,31,dead code elimination
llm_generated.asm,0.002488999999997,0.0071664257703317,31,dead code elimination
clang_generated_unoptimized.asm,0.6672949999999993,1.0,32,dead code elimination
clang_generated_O2_optimized.asm,0.0049810000000007,0.0074644647419818,32,dead code elimination
clang_generated_llm_optimized.asm,0.2318129999999989,0.3473920829618072,32,dead code elimination
clang_generated_O1_optimized.asm,0.0055820000000004,0.0083651158782853,32,dead code elimination
clang_generated_O3_optimized.asm,0.0045159999999988,0.0067676215167187,32,dead code elimination
llm_generated.asm,5.336046,7.9965322683371,32,dead code elimination
clang_generated_unoptimized.asm,0.2526559999999946,1.0,33,dead code elimination
clang_generated_O2_optimized.asm,0.2255119999999948,0.8925653853460815,33,dead code elimination
clang_generated_llm_optimized.asm,0.2219660000000018,0.8785304920524609,33,dead code elimination
clang_generated_O1_optimized.asm,0.2259990000000016,0.8944929073523146,33,dead code elimination
clang_generated_O3_optimized.asm,0.2261730000000028,0.8951815907795881,33,dead code elimination
llm_generated.asm,0.2230080000000001,0.8826546767146033,33,dead code elimination
clang_generated_unoptimized.asm,0.2520600000000002,1.0,34,dead code elimination
clang_generated_O2_optimized.asm,0.2236520000000013,0.8872966753947518,34,dead code elimination
clang_generated_llm_optimized.asm,0.2211130000000025,0.8772236769023344,34,dead code elimination
clang_generated_O1_optimized.asm,0.2222089999999994,0.881571847972702,34,dead code elimination
clang_generated_O3_optimized.asm,0.2224420000000009,0.8824962310561008,34,dead code elimination
llm_generated.asm,0.2220439999999968,0.8809172419265121,34,dead code elimination
clang_generated_unoptimized.asm,0.6357870000000005,1.0,35,dead code elimination
clang_generated_O2_optimized.asm,0.0049589999999994,0.0077997820024622,35,dead code elimination
clang_generated_llm_optimized.asm,0.1237299999999983,0.1946092008801662,35,dead code elimination
clang_generated_O1_optimized.asm,0.2393999999999998,0.3765412001189072,35,dead code elimination
clang_generated_O3_optimized.asm,0.0053779999999967,0.0084588077453561,35,dead code elimination
llm_generated.asm,11.991737,18.861249129032192,35,dead code elimination
clang_generated_unoptimized.asm,0.2521430000000038,1.0,36,dead code elimination
clang_generated_O2_optimized.asm,0.2221890000000002,0.8812023335963991,36,dead code elimination
clang_generated_llm_optimized.asm,0.222216000000003,0.8813094156887153,36,dead code elimination
clang_generated_O1_optimized.asm,0.2267640000000028,0.8993467992369387,36,dead code elimination
clang_generated_O3_optimized.asm,0.2260699999999929,0.896594392864325,36,dead code elimination
llm_generated.asm,0.2216910000000069,0.8792272638939159,36,dead code elimination
clang_generated_unoptimized.asm,0.2673510000000192,1.0,37,dead code elimination
clang_generated_O2_optimized.asm,0.2268280000000118,0.8484277223574832,37,dead code elimination
clang_generated_llm_optimized.asm,0.2260089999999763,0.8453643337782919,37,dead code elimination
clang_generated_O1_optimized.asm,0.2252220000000022,0.8424206380375838,37,dead code elimination
clang_generated_O3_optimized.asm,0.2266689999999869,0.8478329985673164,37,dead code elimination
llm_generated.asm,0.2238159999999993,0.8371616339567957,37,dead code elimination
clang_generated_unoptimized.asm,0.274130999999997,1.0,38,dead code elimination
clang_generated_O2_optimized.asm,0.2248109999999883,0.8200860172690821,38,dead code elimination
clang_generated_llm_optimized.asm,0.2258400000000051,0.8238396970791615,38,dead code elimination
clang_generated_O1_optimized.asm,0.2271739999999908,0.8287059836355368,38,dead code elimination
clang_generated_O3_optimized.asm,0.2246700000000032,0.819571664642108,38,dead code elimination
llm_generated.asm,0.2257139999999964,0.8233800628166784,38,dead code elimination
clang_generated_unoptimized.asm,0.2665429999999844,1.0,39,dead code elimination
clang_generated_O2_optimized.asm,0.2257869999999968,0.8470940898842214,39,dead code elimination
clang_generated_llm_optimized.asm,0.2262800000000027,0.8489436976398401,39,dead code elimination
clang_generated_O1_optimized.asm,0.2217399999999827,0.8319107986328498,39,dead code elimination
clang_generated_O3_optimized.asm,0.2265629999999987,0.8500054400228555,39,dead code elimination
llm_generated.asm,0.2273830000000032,0.8530818667157514,39,dead code elimination
clang_generated_unoptimized.asm,0.3265140000000031,1.0,40,dead code elimination
clang_generated_O2_optimized.asm,0.2232369999999832,0.683698095640558,40,dead code elimination
clang_generated_llm_optimized.asm,0.2208499999999844,0.676387536215851,40,dead code elimination
clang_generated_O1_optimized.asm,0.2396000000000242,0.7338123327024936,40,dead code elimination
clang_generated_O3_optimized.asm,0.244700999999992,0.7494349400025413,40,dead code elimination
clang_generated_unoptimized.asm,0.2519240000000025,1.0,41,strength reduction
clang_generated_O2_optimized.asm,0.2247590000000059,0.89216986075167,41,strength reduction
clang_generated_llm_optimized.asm,0.2222639999999955,0.8822660802463973,41,strength reduction
clang_generated_O1_optimized.asm,0.2212220000000115,0.8781299121957789,41,strength reduction
clang_generated_O3_optimized.asm,0.2216080000000033,0.8796621203220065,41,strength reduction
clang_generated_unoptimized.asm,0.2567140000000023,1.0,42,strength reduction
clang_generated_O2_optimized.asm,0.2267109999999945,0.8831267480542258,42,strength reduction
clang_generated_llm_optimized.asm,0.2265660000000053,0.8825619171529535,42,strength reduction
clang_generated_O1_optimized.asm,0.2290209999999888,0.8921250886199691,42,strength reduction
clang_generated_O3_optimized.asm,0.2260589999999922,0.8805869566910655,42,strength reduction
llm_generated.asm,0.6385520000000042,2.487406218593448,42,strength reduction
clang_generated_unoptimized.asm,0.2671899999999994,1.0,43,strength reduction
clang_generated_O2_optimized.asm,0.2229219999999969,0.8343201467120681,43,strength reduction
clang_generated_llm_optimized.asm,0.2232389999999924,0.8355065683595678,43,strength reduction
clang_generated_O1_optimized.asm,0.2215750000000014,0.8292787903738985,43,strength reduction
clang_generated_O3_optimized.asm,0.2232869999999991,0.8356862158014883,43,strength reduction
llm_generated.asm,0.2225130000000064,0.8327894008009541,43,strength reduction
clang_generated_unoptimized.asm,0.2512519999999938,1.0,44,strength reduction
clang_generated_O2_optimized.asm,0.2241180000000042,0.8920048397625084,44,strength reduction
clang_generated_llm_optimized.asm,0.2234529999999921,0.8893580946619236,44,strength reduction
clang_generated_O1_optimized.asm,0.2226390000000009,0.886118319456189,44,strength reduction
clang_generated_O3_optimized.asm,0.2209399999999988,0.8793561842293962,44,strength reduction
llm_generated.asm,0.2215970000000027,0.8819710887873854,44,strength reduction
clang_generated_unoptimized.asm,0.3214520000000078,1.0,45,strength reduction
clang_generated_O2_optimized.asm,0.2277999999999878,0.7086594577105827,45,strength reduction
clang_generated_llm_optimized.asm,0.2235589999999945,0.6954661971304862,45,strength reduction
clang_generated_O1_optimized.asm,0.225947000000005,0.7028949889874678,45,strength reduction
clang_generated_O3_optimized.asm,0.2211620000000067,0.6880094073143155,45,strength reduction
llm_generated.asm,0.2257469999999983,0.7022728121150058,45,strength reduction
clang_generated_unoptimized.asm,0.2544509999999889,1.0,46,strength reduction
clang_generated_O2_optimized.asm,0.2235569999999995,0.8785856608934897,46,strength reduction
clang_generated_llm_optimized.asm,0.2244760000000099,0.8821973582340793,46,strength reduction
clang_generated_O1_optimized.asm,0.2207860000000039,0.8676955484553551,46,strength reduction
clang_generated_O3_optimized.asm,0.2233030000000155,0.8775874333369699,46,strength reduction
clang_generated_unoptimized.asm,0.2537060000000224,1.0,47,strength reduction
clang_generated_O2_optimized.asm,0.2253599999999949,0.8882722521342616,47,strength reduction
clang_generated_llm_optimized.asm,0.2274830000000065,0.8966402055922463,47,strength reduction
clang_generated_O1_optimized.asm,0.2271439999999813,0.8953040133065883,47,strength reduction
clang_generated_O3_optimized.asm,0.2235819999999932,0.8812641403828586,47,strength reduction
clang_generated_unoptimized.asm,0.2830199999999934,1.0,48,strength reduction
clang_generated_O2_optimized.asm,0.2243430000000046,0.7926754292983177,48,strength reduction
clang_generated_llm_optimized.asm,0.2237269999999966,0.7904989046710548,48,strength reduction
clang_generated_O1_optimized.asm,0.2226840000000152,0.7868136527454611,48,strength reduction
clang_generated_O3_optimized.asm,0.2262470000000007,0.7994028690552117,48,strength reduction
clang_generated_unoptimized.asm,0.276976999999988,1.0,49,strength reduction
clang_generated_O2_optimized.asm,0.2376330000000166,0.8579521043264491,49,strength reduction
clang_generated_llm_optimized.asm,0.2428750000000263,0.876877863505045,49,strength reduction
clang_generated_O1_optimized.asm,0.244714000000016,0.8835174039722672,49,strength reduction
clang_generated_O3_optimized.asm,0.2440689999999961,0.8811886907577403,49,strength reduction
clang_generated_unoptimized.asm,0.2508829999999999,1.0,50,strength reduction
clang_generated_O2_optimized.asm,0.2218630000000008,0.8843285515559078,50,strength reduction
clang_generated_llm_optimized.asm,0.2233199999999993,0.8901360395084534,50,strength reduction
clang_generated_O1_optimized.asm,0.2213319999999985,0.8822120271202056,50,strength reduction
clang_generated_O3_optimized.asm,0.2223889999999997,0.8864251463829743,50,strength reduction
llm_generated.asm,0.2238549999999985,0.8922685076310416,50,strength reduction
clang_generated_unoptimized.asm,0.2517799999999965,1.0,51,strength reduction
clang_generated_O2_optimized.asm,0.2228929999999991,0.8852688855349995,51,strength reduction
clang_generated_llm_optimized.asm,0.0022110000000026,0.0087814758916619,51,strength reduction
clang_generated_O1_optimized.asm,0.2205520000000049,0.8759710858686471,51,strength reduction
clang_generated_O3_optimized.asm,0.2199290000000004,0.8734967034712983,51,strength reduction
llm_generated.asm,0.2209300000000027,0.8774723965366819,51,strength reduction
clang_generated_unoptimized.asm,0.2516859999999781,1.0,52,strength reduction
clang_generated_O2_optimized.asm,0.2314489999999978,0.9195942563353462,52,strength reduction
clang_generated_llm_optimized.asm,0.2216109999999957,0.8805058684234128,52,strength reduction
clang_generated_O1_optimized.asm,0.2229549999999847,0.8858458555501859,52,strength reduction
clang_generated_O3_optimized.asm,0.2235220000000026,0.8880986626193833,52,strength reduction
clang_generated_unoptimized.asm,0.2523380000000088,1.0,53,strength reduction
clang_generated_O2_optimized.asm,0.2232960000000048,0.8849083372302111,53,strength reduction
clang_generated_llm_optimized.asm,0.2217959999999834,0.8789639293327826,53,strength reduction
clang_generated_O1_optimized.asm,0.2264339999999833,0.8973440385513693,53,strength reduction
clang_generated_O3_optimized.asm,0.2274170000000026,0.901239607193505,53,strength reduction
llm_generated.asm,0.2212470000000053,0.8767882760424414,53,strength reduction
clang_generated_unoptimized.asm,0.2599850000000003,1.0,54,strength reduction
clang_generated_O2_optimized.asm,0.2243199999999774,0.8628190087888806,54,strength reduction
clang_generated_llm_optimized.asm,0.2225200000000029,0.8558955324345736,54,strength reduction
clang_generated_O1_optimized.asm,0.2281759999999906,0.8776506336903679,54,strength reduction
clang_generated_O3_optimized.asm,0.2449249999999949,0.9420735811681236,54,strength reduction
llm_generated.asm,0.2258660000000247,0.8687655057023461,54,strength reduction
clang_generated_unoptimized.asm,0.2663939999999911,1.0,55,strength reduction
clang_generated_O2_optimized.asm,0.2233760000000018,0.8385173840252004,55,strength reduction
clang_generated_llm_optimized.asm,0.2312440000000037,0.8680525837669447,55,strength reduction
clang_generated_O1_optimized.asm,0.2250180000000057,0.8446811865132593,55,strength reduction
clang_generated_O3_optimized.asm,0.2275919999999871,0.8543435662965183,55,strength reduction
clang_generated_unoptimized.asm,0.252094999999997,1.0,56,strength reduction
clang_generated_O2_optimized.asm,0.2223660000000009,0.8820722346734506,56,strength reduction
clang_generated_llm_optimized.asm,0.2208539999999956,0.8760744957258106,56,strength reduction
clang_generated_O1_optimized.asm,0.222883000000003,0.8841230488506541,56,strength reduction
clang_generated_O3_optimized.asm,0.226033000000001,0.8966183383248524,56,strength reduction
llm_generated.asm,0.0027080000000054,0.0107419821892759,56,strength reduction
clang_generated_unoptimized.asm,0.2524499999999996,1.0,57,strength reduction
clang_generated_O2_optimized.asm,0.2208959999999997,0.8750089126559718,57,strength reduction
clang_generated_llm_optimized.asm,0.2227430000000012,0.8823252129134544,57,strength reduction
clang_generated_O1_optimized.asm,0.2284769999999998,0.9050386215092104,57,strength reduction
clang_generated_O3_optimized.asm,0.2206100000000006,0.8738760150524895,57,strength reduction
llm_generated.asm,0.0022719999999996,0.0089998019409768,57,strength reduction
clang_generated_unoptimized.asm,0.252952999999998,1.0,58,strength reduction
clang_generated_O2_optimized.asm,0.2259010000000003,0.8930552316042987,58,strength reduction
clang_generated_llm_optimized.asm,0.2255250000000046,0.8915687894589368,58,strength reduction
clang_generated_O1_optimized.asm,0.2253830000000007,0.8910074203508264,58,strength reduction
clang_generated_O3_optimized.asm,0.224187999999998,0.8862832225749441,58,strength reduction
llm_generated.asm,0.2316819999999992,0.9159092795894934,58,strength reduction
clang_generated_unoptimized.asm,0.2526999999999999,1.0,59,strength reduction
clang_generated_O2_optimized.asm,0.2242369999999995,0.8873644637910552,59,strength reduction
clang_generated_llm_optimized.asm,0.2260950000000008,0.8947170557973917,59,strength reduction
clang_generated_O1_optimized.asm,0.2231230000000001,0.8829560743965186,59,strength reduction
clang_generated_O3_optimized.asm,0.2264609999999995,0.8961654135338332,59,strength reduction
llm_generated.asm,0.002485,0.0098337950138506,59,strength reduction
clang_generated_unoptimized.asm,0.2556089999999997,1.0,60,strength reduction
clang_generated_O2_optimized.asm,0.2303949999999943,0.901357150961017,60,strength reduction
clang_generated_llm_optimized.asm,0.2270480000000034,0.8882629328388425,60,strength reduction
clang_generated_O1_optimized.asm,0.2251969999999943,0.8810214037846654,60,strength reduction
clang_generated_O3_optimized.asm,0.2257790000000028,0.883298318916795,60,strength reduction
llm_generated.asm,0.2264100000000013,0.8857669330892165,60,strength reduction
clang_generated_unoptimized.asm,0.7258290000000001,1.0,61,loop unrolling
clang_generated_O2_optimized.asm,0.2283249999999999,0.3145713384281971,61,loop unrolling
clang_generated_llm_optimized.asm,0.2310749999999999,0.3183601096125946,61,loop unrolling
clang_generated_O1_optimized.asm,0.2248270000000001,0.3097520214816439,61,loop unrolling
clang_generated_O3_optimized.asm,0.2268720000000001,0.3125694895078595,61,loop unrolling
llm_generated.asm,0.002577,0.0035504230335244,61,loop unrolling
clang_generated_unoptimized.asm,1.3812670000000082,1.0,62,loop unrolling
clang_generated_O2_optimized.asm,0.2196270000000026,0.1590040158781766,62,loop unrolling
clang_generated_llm_optimized.asm,0.2210220000000049,0.1600139581992501,62,loop unrolling
clang_generated_O1_optimized.asm,0.4394110000000069,0.3181216955157868,62,loop unrolling
clang_generated_O3_optimized.asm,0.2231020000000114,0.1615198220184874,62,loop unrolling
llm_generated.asm,0.4377110000000073,0.3168909414327604,62,loop unrolling
clang_generated_unoptimized.asm,1.0482049999999958,1.0,63,loop unrolling
clang_generated_O2_optimized.asm,0.2251159999999856,0.2147633335082227,63,loop unrolling
clang_generated_llm_optimized.asm,0.2229420000000175,0.2126893117281623,63,loop unrolling
clang_generated_O1_optimized.asm,0.4084119999999984,0.3896298910995464,63,loop unrolling
clang_generated_O3_optimized.asm,0.2256580000000099,0.2152804079354809,63,loop unrolling
clang_generated_unoptimized.asm,0.5368249999999932,1.0,64,loop unrolling
clang_generated_O2_optimized.asm,0.2197770000000218,0.4094015740698079,64,loop unrolling
clang_generated_llm_optimized.asm,0.2230629999999962,0.4155227494993695,64,loop unrolling
clang_generated_O1_optimized.asm,0.2240409999999997,0.4173445722535324,64,loop unrolling
clang_generated_O3_optimized.asm,0.2281260000000031,0.4249541284403782,64,loop unrolling
clang_generated_unoptimized.asm,1.7320060000000126,1.0,65,loop unrolling
clang_generated_O2_optimized.asm,0.227532999999994,0.1313696372876262,65,loop unrolling
clang_generated_llm_optimized.asm,0.2266120000000171,0.1308378839334364,65,loop unrolling
clang_generated_O1_optimized.asm,0.4754020000000025,0.2744805733929323,65,loop unrolling
clang_generated_O3_optimized.asm,0.226803000000018,0.1309481606876745,65,loop unrolling
llm_generated.asm,0.4780659999999841,0.2760186743001933,65,loop unrolling
clang_generated_unoptimized.asm,0.7204980000000001,1.0,66,loop unrolling
clang_generated_O2_optimized.asm,0.2242749999999986,0.3112777551082704,66,loop unrolling
clang_generated_llm_optimized.asm,0.2260000000000008,0.3136719324689324,66,loop unrolling
clang_generated_O1_optimized.asm,0.2283190000000008,0.3168905395990007,66,loop unrolling
clang_generated_O3_optimized.asm,0.2229650000000003,0.3094595682430767,66,loop unrolling
llm_generated.asm,0.4385779999999997,0.6087150831785788,66,loop unrolling
clang_generated_unoptimized.asm,0.4359889999999993,1.0,67,loop unrolling
clang_generated_O2_optimized.asm,0.2259600000000006,0.518269956352112,67,loop unrolling
clang_generated_llm_optimized.asm,0.224262000000003,0.5143753626811765,67,loop unrolling
clang_generated_O1_optimized.asm,0.229734999999998,0.5269284316806121,67,loop unrolling
clang_generated_O3_optimized.asm,0.2302339999999958,0.5280729559690639,67,loop unrolling
llm_generated.asm,0.2621719999999996,0.6013270977020063,67,loop unrolling
clang_generated_unoptimized.asm,0.7157199999999992,1.0,68,loop unrolling
clang_generated_O2_optimized.asm,0.2208380000000005,0.3085536243223618,68,loop unrolling
clang_generated_llm_optimized.asm,0.4401630000000001,0.6149932934667196,68,loop unrolling
clang_generated_O1_optimized.asm,0.2229690000000008,0.3115310456603156,68,loop unrolling
clang_generated_O3_optimized.asm,0.2213650000000004,0.309289945788857,68,loop unrolling
llm_generated.asm,0.0024160000000001,0.0033756217515232,68,loop unrolling
clang_generated_unoptimized.asm,0.7162700000000015,1.0,69,loop unrolling
clang_generated_O2_optimized.asm,0.2209199999999995,0.3084311781869953,69,loop unrolling
clang_generated_llm_optimized.asm,0.2227469999999982,0.3109818923031787,69,loop unrolling
clang_generated_O1_optimized.asm,0.2214390000000037,0.3091557652840455,69,loop unrolling
clang_generated_O3_optimized.asm,0.2201189999999968,0.3073128848060038,69,loop unrolling
llm_generated.asm,0.4411899999999988,0.6159548773507169,69,loop unrolling
clang_generated_unoptimized.asm,0.7157790000000261,1.0,70,loop unrolling
clang_generated_O2_optimized.asm,0.2198710000000119,0.3071772153136707,70,loop unrolling
clang_generated_llm_optimized.asm,0.2214960000000019,0.3094474691210468,70,loop unrolling
clang_generated_O1_optimized.asm,0.2226260000000195,0.311026168691749,70,loop unrolling
clang_generated_O3_optimized.asm,0.222768000000002,0.3112245539475088,70,loop unrolling
clang_generated_unoptimized.asm,0.531975999999986,1.0,71,loop unrolling
clang_generated_O2_optimized.asm,0.2212570000000084,0.4159153796412136,71,loop unrolling
clang_generated_llm_optimized.asm,0.2249119999999891,0.4227859903454198,71,loop unrolling
clang_generated_O1_optimized.asm,0.2221580000000074,0.4176090650706295,71,loop unrolling
clang_generated_O3_optimized.asm,0.220168000000001,0.413868294810305,71,loop unrolling
clang_generated_unoptimized.asm,0.5315009999999916,1.0,72,loop unrolling
clang_generated_O2_optimized.asm,0.2217789999999979,0.4172692055141975,72,loop unrolling
clang_generated_llm_optimized.asm,0.2255629999999939,0.424388665308245,72,loop unrolling
clang_generated_O1_optimized.asm,0.2256889999999884,0.4246257297728359,72,loop unrolling
clang_generated_O3_optimized.asm,0.2261790000000019,0.4255476471351991,72,loop unrolling
llm_generated.asm,0.3818469999999934,0.7184313858299409,72,loop unrolling
clang_generated_unoptimized.asm,0.5304569999999984,1.0,73,loop unrolling
clang_generated_O2_optimized.asm,0.220411999999996,0.4155134157905291,73,loop unrolling
clang_generated_llm_optimized.asm,0.2242960000000096,0.4228354041892373,73,loop unrolling
clang_generated_O1_optimized.asm,0.2217180000000098,0.4179754438154469,73,loop unrolling
clang_generated_O3_optimized.asm,0.224063000000001,0.4223961602919778,73,loop unrolling
llm_generated.asm,0.3772530000000103,0.7111848839774221,73,loop unrolling
clang_generated_unoptimized.asm,0.5302209999999974,1.0,74,loop unrolling
clang_generated_O2_optimized.asm,0.2205700000000092,0.4159963486923572,74,loop unrolling
clang_generated_llm_optimized.asm,0.2200770000000034,0.4150665477225619,74,loop unrolling
clang_generated_O1_optimized.asm,0.2202889999999939,0.4154663809996116,74,loop unrolling
clang_generated_O3_optimized.asm,0.2217869999999919,0.4182916180234148,74,loop unrolling
llm_generated.asm,0.2576549999999997,0.4859388820887913,74,loop unrolling
clang_generated_unoptimized.asm,0.532820000000001,1.0,75,loop unrolling
clang_generated_O2_optimized.asm,0.2206180000000017,0.4140572801321297,75,loop unrolling
clang_generated_llm_optimized.asm,0.2234499999999997,0.4193723959310823,75,loop unrolling
clang_generated_O1_optimized.asm,0.2252539999999925,0.422758154723907,75,loop unrolling
clang_generated_O3_optimized.asm,0.2215840000000071,0.4158702751398346,75,loop unrolling
llm_generated.asm,0.3812500000000085,0.7155324499831235,75,loop unrolling
clang_generated_unoptimized.asm,0.5340850000000046,1.0,76,loop unrolling
clang_generated_O2_optimized.asm,0.2232769999999959,0.4180551784828146,76,loop unrolling
clang_generated_llm_optimized.asm,0.2216209999999989,0.4149545484332963,76,loop unrolling
clang_generated_O1_optimized.asm,0.2254390000000228,0.4221032232697433,76,loop unrolling
clang_generated_O3_optimized.asm,0.2271029999999996,0.425218832208352,76,loop unrolling
clang_generated_unoptimized.asm,0.5298750000000041,1.0,77,loop unrolling
clang_generated_O2_optimized.asm,0.2204460000000097,0.4160339702760235,77,loop unrolling
clang_generated_llm_optimized.asm,0.2235389999999881,0.4218711960367755,77,loop unrolling
clang_generated_O1_optimized.asm,0.2224059999999781,0.4197329558857776,77,loop unrolling
clang_generated_O3_optimized.asm,0.2223839999999768,0.4196914366595425,77,loop unrolling
clang_generated_unoptimized.asm,0.5389670000000137,1.0,78,loop unrolling
clang_generated_O2_optimized.asm,0.2342749999999966,0.4346741080622574,78,loop unrolling
clang_generated_llm_optimized.asm,0.2433330000000069,0.4514803318199457,78,loop unrolling
clang_generated_O1_optimized.asm,0.235872999999998,0.4376390391248295,78,loop unrolling
clang_generated_O3_optimized.asm,0.2261590000000239,0.4196156722025991,78,loop unrolling
clang_generated_unoptimized.asm,0.529627000000005,1.0,79,loop unrolling
clang_generated_O2_optimized.asm,0.2199080000000037,0.4152129706378294,79,loop unrolling
clang_generated_llm_optimized.asm,0.2221990000000175,0.4195386564507011,79,loop unrolling
clang_generated_O1_optimized.asm,0.2229680000000087,0.4209906217017007,79,loop unrolling
clang_generated_O3_optimized.asm,0.2220470000000034,0.419251662018744,79,loop unrolling
clang_generated_unoptimized.asm,0.5310000000000059,1.0,80,loop unrolling
clang_generated_O2_optimized.asm,0.2228060000000056,0.4195969868173317,80,loop unrolling
clang_generated_llm_optimized.asm,0.2262450000000058,0.4260734463276898,80,loop unrolling
clang_generated_O1_optimized.asm,0.2262089999999972,0.4260056497175041,80,loop unrolling
clang_generated_O3_optimized.asm,0.222563000000008,0.4191393596986922,80,loop unrolling
llm_generated.asm,0.2545980000000014,0.4794689265536697,80,loop unrolling
clang_generated_unoptimized.asm,0.3168799999999976,1.0,81,copy propagation
clang_generated_O2_optimized.asm,0.2255389999999977,0.7117489270386248,81,copy propagation
clang_generated_llm_optimized.asm,0.2225059999999956,0.7021774804342253,81,copy propagation
clang_generated_O1_optimized.asm,0.22037499999999,0.6954525372380449,81,copy propagation
clang_generated_O3_optimized.asm,0.2209399999999988,0.6972355465791482,81,copy propagation
llm_generated.asm,0.2225820000000027,0.7024173188588879,81,copy propagation
clang_generated_unoptimized.asm,0.3727269999999976,1.0,82,copy propagation
clang_generated_O2_optimized.asm,0.2250050000000101,0.6036723929310502,82,copy propagation
clang_generated_llm_optimized.asm,0.2308010000000138,0.6192226482117349,82,copy propagation
clang_generated_O1_optimized.asm,0.2235340000000008,0.5997258046774241,82,copy propagation
clang_generated_O3_optimized.asm,0.2247019999999793,0.6028594655068744,82,copy propagation
clang_generated_unoptimized.asm,0.3303840000000093,1.0,83,copy propagation
clang_generated_O2_optimized.asm,0.2212639999999908,0.6697176618721988,83,copy propagation
clang_generated_llm_optimized.asm,0.2233720000000119,0.6760981161315487,83,copy propagation
clang_generated_O1_optimized.asm,0.2227750000000128,0.6742911278996759,83,copy propagation
clang_generated_O3_optimized.asm,0.2235089999999786,0.6765127851226824,83,copy propagation
clang_generated_unoptimized.asm,0.3846209999999814,1.0,84,copy propagation
clang_generated_O2_optimized.asm,0.2241010000000187,0.5826540932503154,84,copy propagation
clang_generated_llm_optimized.asm,0.220893000000018,0.5743134150242152,84,copy propagation
clang_generated_O1_optimized.asm,0.2216730000000097,0.5763413854158261,84,copy propagation
clang_generated_O3_optimized.asm,0.2222629999999981,0.5778753630197229,84,copy propagation
clang_generated_unoptimized.asm,0.3605389999999886,1.0,85,copy propagation
clang_generated_O2_optimized.asm,0.2222610000000031,0.6164686760655856,85,copy propagation
clang_generated_llm_optimized.asm,0.2259969999999782,0.6268309392326084,85,copy propagation
clang_generated_O1_optimized.asm,0.2224769999999978,0.6170677790752314,85,copy propagation
clang_generated_O3_optimized.asm,0.2262479999999982,0.6275271191188897,85,copy propagation
clang_generated_unoptimized.asm,0.3923840000000069,1.0,86,copy propagation
clang_generated_O2_optimized.asm,0.2232510000000047,0.5689605080737258,86,copy propagation
clang_generated_llm_optimized.asm,0.2234150000000028,0.5693784659924942,86,copy propagation
clang_generated_O1_optimized.asm,0.2231029999999947,0.5685833265372461,86,copy propagation
clang_generated_O3_optimized.asm,0.2214170000000024,0.5642865152503631,86,copy propagation
llm_generated.asm,0.2237509999999929,0.5702347700211756,86,copy propagation
clang_generated_unoptimized.asm,0.3351509999999962,1.0,87,copy propagation
clang_generated_O2_optimized.asm,0.225371999999993,0.672449134867554,87,copy propagation
clang_generated_llm_optimized.asm,0.2201459999999997,0.6568561633413066,87,copy propagation
clang_generated_O1_optimized.asm,0.2216099999999983,0.6612243436540569,87,copy propagation
clang_generated_O3_optimized.asm,0.2204690000000084,0.6578199080414827,87,copy propagation
llm_generated.asm,0.222329000000002,0.6633696453240614,87,copy propagation
clang_generated_unoptimized.asm,0.4386310000000009,1.0,88,copy propagation
clang_generated_O2_optimized.asm,0.2229039999999997,0.5081811363081937,88,copy propagation
clang_generated_llm_optimized.asm,0.2231270000000051,0.5086895363072942,88,copy propagation
clang_generated_O1_optimized.asm,0.2238559999999978,0.5103515255419644,88,copy propagation
clang_generated_O3_optimized.asm,0.2245970000000028,0.5120408726241473,88,copy propagation
llm_generated.asm,0.2205890000000039,0.5029033515643069,88,copy propagation
clang_generated_unoptimized.asm,0.3406880000000001,1.0,89,copy propagation
clang_generated_O2_optimized.asm,0.2203599999999994,0.6468088104071742,89,copy propagation
clang_generated_llm_optimized.asm,0.2215890000000087,0.6504162165970291,89,copy propagation
clang_generated_O1_optimized.asm,0.2223529999999982,0.6526587376132948,89,copy propagation
clang_generated_O3_optimized.asm,0.2217780000000004,0.6509709763772143,89,copy propagation
llm_generated.asm,0.3482390000000066,1.0221639740760065,89,copy propagation
clang_generated_unoptimized.asm,0.4382799999999918,1.0,90,copy propagation
clang_generated_O2_optimized.asm,0.2243840000000148,0.5119649539107853,90,copy propagation
clang_generated_llm_optimized.asm,0.2221289999999953,0.506819841197407,90,copy propagation
clang_generated_O1_optimized.asm,0.2263349999999775,0.5164164461074696,90,copy propagation
clang_generated_O3_optimized.asm,0.2231339999999875,0.5091128958656377,90,copy propagation
clang_generated_unoptimized.asm,0.3332709999999963,1.0,91,copy propagation
clang_generated_O2_optimized.asm,0.2278499999999894,0.6836778477575065,91,copy propagation
clang_generated_llm_optimized.asm,0.2254509999999925,0.6764795016667967,91,copy propagation
clang_generated_O1_optimized.asm,0.2259809999999902,0.678069799052401,91,copy propagation
clang_generated_O3_optimized.asm,0.2232989999999972,0.6700222941690087,91,copy propagation
llm_generated.asm,0.2247539999999901,0.6743881105766557,91,copy propagation
clang_generated_unoptimized.asm,0.3437739999999998,1.0,92,copy propagation
clang_generated_O2_optimized.asm,0.2254060000000004,0.6556807670155409,92,copy propagation
clang_generated_llm_optimized.asm,0.2287340000000002,0.6653615456666309,92,copy propagation
clang_generated_O1_optimized.asm,0.2265419999999993,0.6589852635743235,92,copy propagation
clang_generated_O3_optimized.asm,0.2284059999999996,0.6644074304630362,92,copy propagation
llm_generated.asm,0.0027590000000001,0.0080256214838823,92,copy propagation
clang_generated_unoptimized.asm,0.3974569999999957,1.0,93,copy propagation
clang_generated_O2_optimized.asm,0.2270719999999997,0.5713121167824499,93,copy propagation
clang_generated_llm_optimized.asm,0.226818999999999,0.5706755699358709,93,copy propagation
clang_generated_O1_optimized.asm,0.2281669999999991,0.5740671317903612,93,copy propagation
clang_generated_O3_optimized.asm,0.2286179999999973,0.5752018457342549,93,copy propagation
llm_generated.asm,0.2268180000000015,0.5706730539404362,93,copy propagation
clang_generated_unoptimized.asm,0.4150709999999975,1.0,94,copy propagation
clang_generated_O2_optimized.asm,0.2282879999999991,0.5499974703123093,94,copy propagation
clang_generated_llm_optimized.asm,0.2307259999999971,0.5558711642104567,94,copy propagation
clang_generated_O1_optimized.asm,0.226466000000002,0.5456078598601285,94,copy propagation
clang_generated_O3_optimized.asm,0.2272449999999963,0.5474846472049305,94,copy propagation
llm_generated.asm,0.0024819999999934,0.0059796998585626,94,copy propagation
clang_generated_unoptimized.asm,0.3338550000000002,1.0,95,copy propagation
clang_generated_O2_optimized.asm,0.2197609999999996,0.6582528343142966,95,copy propagation
clang_generated_llm_optimized.asm,0.2227840000000003,0.6673076635066126,95,copy propagation
clang_generated_O1_optimized.asm,0.2224140000000001,0.6661993979422203,95,copy propagation
clang_generated_O3_optimized.asm,0.2229960000000002,0.6679426697218853,95,copy propagation
llm_generated.asm,0.0022159999999997,0.0066376121370049,95,copy propagation
clang_generated_unoptimized.asm,0.3546460000000024,1.0,96,copy propagation
clang_generated_O2_optimized.asm,0.2220709999999996,0.6261765253238388,96,copy propagation
clang_generated_llm_optimized.asm,0.2244059999999876,0.6327605555962456,96,copy propagation
clang_generated_O1_optimized.asm,0.2220850000000211,0.6262160013084023,96,copy propagation
clang_generated_O3_optimized.asm,0.2217159999999864,0.6251755271453363,96,copy propagation
llm_generated.asm,0.2227499999999906,0.6280911105722019,96,copy propagation
clang_generated_unoptimized.asm,0.3958790000000078,1.0,97,copy propagation
clang_generated_O2_optimized.asm,0.2228079999999863,0.5628184369465972,97,copy propagation
clang_generated_llm_optimized.asm,0.221855000000005,0.5604111357258168,97,copy propagation
clang_generated_O1_optimized.asm,0.2242070000000069,0.5663523450347264,97,copy propagation
clang_generated_O3_optimized.asm,0.2224760000000003,0.5619797968571102,97,copy propagation
clang_generated_unoptimized.asm,0.4115740000000016,1.0,98,copy propagation
clang_generated_O2_optimized.asm,0.222849999999994,0.5414579152230051,98,copy propagation
clang_generated_llm_optimized.asm,0.2226920000000234,0.5410740231404864,98,copy propagation
clang_generated_O1_optimized.asm,0.2241789999999923,0.5446869821708646,98,copy propagation
clang_generated_O3_optimized.asm,0.2214899999999886,0.5381535276766456,98,copy propagation
llm_generated.asm,0.2241429999999979,0.5445995130887692,98,copy propagation
clang_generated_unoptimized.asm,0.3388980000000003,1.0,99,copy propagation
clang_generated_O2_optimized.asm,0.2257610000000056,0.6661620900684141,99,copy propagation
clang_generated_llm_optimized.asm,0.2234710000000177,0.6594048946881289,99,copy propagation
clang_generated_O1_optimized.asm,0.2193149999999946,0.6471416178318974,99,copy propagation
clang_generated_O3_optimized.asm,0.2264569999999821,0.6682158053455078,99,copy propagation
llm_generated.asm,0.2272099999999852,0.6704377128221028,99,copy propagation
